,Date,Confirmed_Distinct,Deaths_Distinct,Recovered_Distinct,Active_Distinct
0,2020-01-22,1.0,0.0,0.0,1.0
1,2020-01-23,0.0,0.0,0.0,0.0
2,2020-01-24,1.0,0.0,0.0,1.0
3,2020-01-25,0.0,0.0,0.0,0.0
4,2020-01-26,3.0,0.0,0.0,3.0
5,2020-01-27,0.0,0.0,0.0,0.0
6,2020-01-28,0.0,0.0,0.0,0.0
7,2020-01-29,1.0,0.0,0.0,1.0
8,2020-01-30,0.0,0.0,0.0,0.0
9,2020-01-31,2.0,0.0,0.0,2.0
10,2020-02-01,0.0,0.0,0.0,0.0
11,2020-02-02,0.0,0.0,0.0,0.0
12,2020-02-03,3.0,0.0,0.0,3.0
13,2020-02-04,0.0,0.0,0.0,0.0
14,2020-02-05,0.0,0.0,0.0,0.0
15,2020-02-06,1.0,0.0,0.0,1.0
16,2020-02-07,0.0,0.0,0.0,0.0
17,2020-02-08,0.0,0.0,0.0,0.0
18,2020-02-09,0.0,0.0,3.0,0.0
19,2020-02-10,0.0,0.0,0.0,0.0
20,2020-02-11,1.0,0.0,0.0,1.0
21,2020-02-12,0.0,0.0,0.0,0.0
22,2020-02-13,1.0,0.0,0.0,1.0
23,2020-02-14,0.0,0.0,0.0,0.0
24,2020-02-15,0.0,0.0,0.0,0.0
25,2020-02-16,0.0,0.0,0.0,0.0
26,2020-02-17,0.0,0.0,0.0,0.0
27,2020-02-18,0.0,0.0,0.0,0.0
28,2020-02-19,0.0,0.0,0.0,0.0
29,2020-02-20,0.0,0.0,0.0,0.0
30,2020-02-21,2.0,0.0,2.0,0.0
31,2020-02-22,0.0,0.0,0.0,0.0
32,2020-02-23,0.0,0.0,0.0,0.0
33,2020-02-24,0.0,0.0,0.0,0.0
34,2020-02-25,0.0,0.0,1.0,0.0
35,2020-02-26,0.0,0.0,0.0,0.0
36,2020-02-27,1.0,0.0,0.0,1.0
37,2020-02-28,0.0,0.0,1.0,0.0
38,2020-02-29,8.0,1.0,0.0,7.0
39,2020-03-01,7.0,0.0,0.0,7.0
40,2020-03-02,23.0,5.0,0.0,18.0
41,2020-03-03,19.0,1.0,0.0,18.0
42,2020-03-04,33.0,4.0,0.0,29.0
43,2020-03-05,77.0,1.0,0.0,76.0
44,2020-03-06,53.0,2.0,0.0,51.0
45,2020-03-07,166.0,3.0,0.0,163.0
46,2020-03-08,116.0,4.0,0.0,112.0
47,2020-03-09,75.0,1.0,0.0,74.0
48,2020-03-10,188.0,6.0,1.0,181.0
49,2020-03-11,365.0,5.0,0.0,360.0
50,2020-03-12,439.0,10.0,4.0,425.0
51,2020-03-13,633.0,8.0,0.0,625.0
52,2020-03-14,759.0,7.0,0.0,752.0
53,2020-03-15,234.0,12.0,0.0,222.0
54,2020-03-16,1467.0,27.0,5.0,1435.0
55,2020-03-17,1833.0,37.0,0.0,1796.0
56,2020-03-18,2657.0,60.0,88.0,2509.0
57,2020-03-19,4494.0,72.0,16.0,4406.0
58,2020-03-20,6367.0,106.0,26.0,6235.0
59,2020-03-21,5995.0,103.0,29.0,5863.0
60,2020-03-22,8919.0,128.0,2.0,8747.0
61,2020-03-23,11152.0,187.0,0.0,11047.0
62,2020-03-24,10618.0,243.0,170.0,10206.0
63,2020-03-25,12127.0,333.0,13.0,11735.0
64,2020-03-26,17821.0,417.0,320.0,17118.0
65,2020-03-27,18591.0,522.0,188.0,17980.0
66,2020-03-28,22164.0,713.0,203.0,18777.0
67,2020-03-29,16127.0,555.0,1593.0,16690.0
68,2020-03-30,22154.0,707.0,2979.0,18383.0
69,2020-03-31,26381.0,1079.0,1380.0,23849.0
70,2020-04-01,35824.0,1637.0,1450.0,29552.0
71,2020-04-02,32280.0,1560.0,527.0,30181.0
72,2020-04-03,32447.0,1429.0,706.0,30172.0
73,2020-04-04,31710.0,1620.0,4945.0,25873.0
74,2020-04-05,28777.0,1622.0,2796.0,25484.0
75,2020-04-06,31993.0,1762.0,2133.0,27485.0
76,2020-04-07,30146.0,2606.0,2182.0,26024.0
77,2020-04-08,31244.0,2152.0,1796.0,27278.0
78,2020-04-09,36026.0,2256.0,1851.0,31880.0
79,2020-04-10,34181.0,2214.0,3380.0,28826.0
80,2020-04-11,28986.0,2103.0,2480.0,24477.0
81,2020-04-12,25858.0,1883.0,1718.0,23665.0
82,2020-04-13,27243.0,2001.0,10494.0,14430.0
83,2020-04-14,28512.0,2481.0,4281.0,22090.0
84,2020-04-15,26363.0,2624.0,4333.0,18468.0
85,2020-04-16,29682.0,2187.0,2607.0,25242.0
86,2020-04-17,33157.0,2104.0,3842.0,27111.0
87,2020-04-18,27349.0,1943.0,6295.0,19640.0
88,2020-04-19,25031.0,1967.0,5497.0,18588.0
89,2020-04-20,30643.0,2285.0,1992.0,25592.0
90,2020-04-21,25947.0,2451.0,2875.0,20546.0
91,2020-04-22,29967.0,2466.0,2162.0,24284.0
92,2020-04-23,32078.0,2426.0,2837.0,28317.0
93,2020-04-24,31491.0,2063.0,18876.0,11263.0
94,2020-04-25,30626.0,1739.0,1293.0,27371.0
95,2020-04-26,25897.0,1414.0,6616.0,18468.0
96,2020-04-27,24693.0,1486.0,4436.0,17759.0
97,2020-04-28,24604.0,2234.0,4512.0,17838.0
98,2020-04-29,26809.0,2374.0,4784.0,19265.0
99,2020-04-30,29507.0,2190.0,33227.0,0.0
100,2020-05-01,34822.0,1880.0,10068.0,22924.0
101,2020-05-02,26647.0,1773.0,11367.0,14251.0
102,2020-05-03,23570.0,1201.0,4770.0,18354.0
103,2020-05-04,24051.0,1370.0,7028.0,15650.0
104,2020-05-05,24081.0,2179.0,2611.0,19702.0
105,2020-05-06,24373.0,2318.0,119.0,22141.0
106,2020-05-07,28210.0,1903.0,5126.0,20378.0
107,2020-05-08,27207.0,1771.0,3957.0,21115.0
108,2020-05-09,24247.0,1471.0,13541.0,10172.0
109,2020-05-10,18703.0,1001.0,3635.0,14183.0
110,2020-05-11,19222.0,1026.0,16564.0,1690.0
111,2020-05-12,23378.0,1588.0,0.0,23775.0
112,2020-05-13,20001.0,1695.0,13143.0,5565.0
113,2020-05-14,25877.0,1767.0,2984.0,22051.0
114,2020-05-15,24399.0,1624.0,4333.0,18734.0
115,2020-05-16,23868.0,1169.0,17629.0,5305.0
116,2020-05-17,18643.0,817.0,3889.0,13674.0
117,2020-05-18,22384.0,1222.0,10913.0,10253.0
118,2020-05-19,20758.0,1427.0,6214.0,13305.0
119,2020-05-20,22839.0,1470.0,4920.0,16306.0
120,2020-05-21,25112.0,1181.0,4106.0,20478.0
121,2020-05-22,23922.0,1204.0,51717.0,0.0
122,2020-05-23,19928.0,1079.0,11104.0,8909.0
123,2020-05-24,20121.0,636.0,5497.0,13940.0
124,2020-05-25,19186.0,600.0,12421.0,5644.0
125,2020-05-26,18696.0,654.0,5745.0,13240.0
126,2020-05-27,18805.0,1452.0,6606.0,10486.0
127,2020-05-28,21129.0,1065.0,8483.0,12745.0
128,2020-05-29,24737.0,1109.0,6455.0,16893.0
129,2020-05-30,22717.0,946.0,10015.0,12663.0
130,2020-05-31,18764.0,621.0,28297.0,0.0
131,2020-06-01,17837.0,767.0,13473.0,3163.0
132,2020-06-02,19956.0,979.0,5637.0,14885.0
133,2020-06-03,19048.0,1000.0,15390.0,3459.0
134,2020-06-04,27711.0,998.0,5744.0,14908.0
135,2020-06-05,26181.0,870.0,6704.0,17810.0
136,2020-06-06,20153.0,638.0,9143.0,11357.0
137,2020-06-07,17809.0,460.0,5518.0,11950.0
138,2020-06-08,16912.0,502.0,12155.0,4952.0
139,2020-06-09,20324.0,909.0,6333.0,11143.0
140,2020-06-10,21746.0,856.0,8649.0,11583.0
141,2020-06-11,22303.0,808.0,6788.0,15550.0
142,2020-06-12,25555.0,822.0,7094.0,16905.0
143,2020-06-13,24136.0,708.0,9220.0,15252.0
144,2020-06-14,18953.0,348.0,5210.0,13386.0
145,2020-06-15,21095.0,398.0,14518.0,4913.0
146,2020-06-16,24628.0,775.0,7169.0,15685.0
147,2020-06-17,27079.0,741.0,8688.0,17645.0
148,2020-06-18,28238.0,696.0,6924.0,20925.0
149,2020-06-19,30996.0,628.0,7600.0,23317.0
150,2020-06-20,31866.0,563.0,10745.0,20977.0
151,2020-06-21,25859.0,319.0,4673.0,20157.0
152,2020-06-22,29989.0,379.0,18065.0,13672.0
153,2020-06-23,38829.0,731.0,7350.0,28974.0
154,2020-06-24,36279.0,755.0,8613.0,26528.0
155,2020-06-25,39357.0,551.0,7401.0,32387.0
156,2020-06-26,49086.0,629.0,7247.0,38124.0
157,2020-06-27,40833.0,499.0,8499.0,32325.0
158,2020-06-28,42918.0,326.0,5856.0,34562.0
159,2020-06-29,41518.0,369.0,20039.0,20874.0
160,2020-06-30,50056.0,551.0,15428.0,30437.0
161,2020-07-01,49330.0,702.0,9363.0,41756.0
162,2020-07-02,55084.0,749.0,51976.0,3950.0
163,2020-07-03,51658.0,676.0,8434.0,42247.0
164,2020-07-04,46024.0,308.0,103921.0,0.0
165,2020-07-05,53950.0,334.0,12438.0,37983.0
166,2020-07-06,43632.0,374.0,17385.0,25344.0
167,2020-07-07,57413.0,1144.0,12328.0,47172.0
168,2020-07-08,60504.0,843.0,16986.0,42311.0
169,2020-07-09,59832.0,1039.0,15649.0,45840.0
170,2020-07-10,68522.0,801.0,14074.0,53167.0
171,2020-07-11,60441.0,765.0,12391.0,46897.0
172,2020-07-12,60220.0,465.0,10750.0,47202.0
173,2020-07-13,59625.0,452.0,25613.0,32869.0
174,2020-07-14,65757.0,904.0,17159.0,49964.0
175,2020-07-15,66299.0,954.0,26784.0,40332.0
176,2020-07-16,70774.0,961.0,14763.0,60148.0
177,2020-07-17,66422.0,941.0,16559.0,54752.0
178,2020-07-18,64325.0,889.0,15516.0,46161.0
179,2020-07-19,58993.0,464.0,8401.0,51570.0
180,2020-07-20,60856.0,553.0,28966.0,32578.0
181,2020-07-21,68295.0,1073.0,21931.0,41445.0
182,2020-07-22,67450.0,1243.0,28831.0,40525.0
183,2020-07-23,67767.0,1056.0,22420.0,44955.0
184,2020-07-24,74949.0,1110.0,28355.0,43858.0
185,2020-07-25,63755.0,949.0,17790.0,46231.0
186,2020-07-26,55631.0,563.0,18449.0,35836.0
187,2020-07-27,59997.0,1104.0,27941.0,27715.0
188,2020-07-28,64564.0,1215.0,29559.0,35521.0
189,2020-07-29,64052.0,1414.0,34062.0,36400.0
190,2020-07-30,69204.0,1301.0,24730.0,41501.0
191,2020-07-31,64375.0,1191.0,24005.0,43470.0
192,2020-08-01,57424.0,1090.0,23725.0,31389.0
193,2020-08-02,46889.0,476.0,6804.0,38327.0
194,2020-08-03,41896.0,592.0,44757.0,161.0
195,2020-08-04,61621.0,1248.0,15533.0,41959.0
196,2020-08-05,54137.0,1395.0,48872.0,4155.0
197,2020-08-06,60036.0,1201.0,20773.0,37337.0
198,2020-08-07,60441.0,1295.0,25246.0,32816.0
199,2020-08-08,63767.0,1073.0,19248.0,33810.0
200,2020-08-09,54163.0,577.0,13746.0,31500.0
201,2020-08-10,51637.0,524.0,13891.0,33081.0
202,2020-08-11,56876.0,1077.0,44205.0,2773.0
203,2020-08-12,55222.0,1532.0,38800.0,15735.0
204,2020-08-13,51446.0,1028.0,20888.0,29364.0
205,2020-08-14,70072.0,1286.0,21678.0,42321.0
206,2020-08-15,52325.0,1060.0,22201.0,23750.0
207,2020-08-16,34577.0,611.0,14540.0,24056.0
208,2020-08-17,37997.0,459.0,32513.0,3646.0
209,2020-08-18,44975.0,1227.0,32579.0,11228.0
210,2020-08-19,45915.0,701.0,26890.0,19093.0
211,2020-08-20,45135.0,1080.0,21986.0,20951.0
212,2020-08-21,47900.0,1115.0,18021.0,29734.0
213,2020-08-22,45271.0,962.0,20428.0,21725.0
214,2020-08-23,31903.0,479.0,12277.0,21425.0
215,2020-08-24,34091.0,454.0,23013.0,12994.0
216,2020-08-25,42562.0,1218.0,32925.0,6199.0
217,2020-08-26,42192.0,1143.0,30766.0,13244.0
218,2020-08-27,50437.0,1107.0,16861.0,27417.0
219,2020-08-28,46320.0,927.0,17041.0,28813.0
220,2020-08-29,43071.0,963.0,22247.0,19592.0
221,2020-08-30,34168.0,440.0,13325.0,20638.0
222,2020-08-31,33526.0,485.0,30886.0,3935.0
223,2020-09-01,41969.0,1061.0,17838.0,22979.0
224,2020-09-02,40118.0,1072.0,29094.0,10851.0
225,2020-09-03,45211.0,1023.0,35200.0,8020.0
226,2020-09-04,48659.0,950.0,16497.0,32928.0
227,2020-09-05,43238.0,791.0,18733.0,23663.0
228,2020-09-06,29078.0,436.0,13808.0,16938.0
229,2020-09-07,24702.0,323.0,17556.0,5762.0
230,2020-09-08,27103.0,473.0,25560.0,1211.0
231,2020-09-09,33851.0,1100.0,28368.0,4520.0
232,2020-09-10,39622.0,907.0,16032.0,19105.0
233,2020-09-11,44825.0,1142.0,14367.0,32238.0
234,2020-09-12,45615.0,738.0,16780.0,23610.0
235,2020-09-13,40308.0,392.0,16748.0,17201.0
236,2020-09-14,32901.0,424.0,23164.0,10827.0
237,2020-09-15,37439.0,1189.0,20557.0,17737.0
238,2020-09-16,38349.0,932.0,30446.0,7622.0
239,2020-09-17,45441.0,847.0,14761.0,29511.0
240,2020-09-18,50227.0,955.0,16131.0,32260.0
241,2020-09-19,45655.0,666.0,20981.0,20489.0
242,2020-09-20,41605.0,259.0,13225.0,24956.0
243,2020-09-21,32260.0,411.0,25278.0,26175.0
244,2020-09-22,38308.0,1022.0,31010.0,7827.0
245,2020-09-23,41230.0,1052.0,23297.0,14716.0
246,2020-09-24,48997.0,896.0,39927.0,6276.0
247,2020-09-25,47626.0,912.0,17152.0,30203.0
248,2020-09-26,43890.0,763.0,23124.0,20780.0
249,2020-09-27,33707.0,305.0,15821.0,21392.0
250,2020-09-28,36571.0,338.0,28328.0,4608.0
251,2020-09-29,42290.0,879.0,18697.0,23805.0
252,2020-09-30,38916.0,905.0,27383.0,11102.0
253,2020-10-01,46362.0,895.0,19962.0,24819.0
254,2020-10-02,53547.0,889.0,12719.0,41371.0
255,2020-10-03,49380.0,672.0,23953.0,23942.0
256,2020-10-04,33370.0,385.0,14377.0,20983.0
257,2020-10-05,37947.0,474.0,23443.0,15452.0
258,2020-10-06,45021.0,688.0,17248.0,27355.0
259,2020-10-07,49467.0,903.0,47505.0,2628.0
260,2020-10-08,58213.0,973.0,21357.0,36253.0
261,2020-10-09,55331.0,950.0,17837.0,37578.0
262,2020-10-10,55254.0,648.0,23894.0,30402.0
263,2020-10-11,46880.0,463.0,12094.0,33422.0
264,2020-10-12,42955.0,393.0,31651.0,9726.0
265,2020-10-13,50596.0,752.0,17865.0,33565.0
266,2020-10-14,59171.0,986.0,31201.0,27590.0
267,2020-10-15,63862.0,839.0,21603.0,42435.0
268,2020-10-16,70310.0,926.0,20142.0,48057.0
269,2020-10-17,54850.0,789.0,23034.0,32964.0
270,2020-10-18,52294.0,460.0,13565.0,35315.0
271,2020-10-19,68737.0,510.0,38465.0,28764.0
272,2020-10-20,62571.0,948.0,22545.0,38488.0
273,2020-10-21,61425.0,1162.0,28206.0,33976.0
274,2020-10-22,80216.0,880.0,29702.0,45714.0
275,2020-10-23,82132.0,954.0,22371.0,58597.0
276,2020-10-24,78099.0,972.0,31229.0,50586.0
277,2020-10-25,60377.0,452.0,16222.0,45521.0
278,2020-10-26,64470.0,559.0,37577.0,29200.0
279,2020-10-27,78977.0,997.0,27211.0,48653.0
280,2020-10-28,88388.0,1040.0,30474.0,47918.0
281,2020-10-29,92679.0,994.0,36196.0,53819.0
282,2020-10-30,100499.0,1072.0,24116.0,74089.0
283,2020-10-31,86772.0,963.0,34026.0,54804.0
284,2020-11-01,78138.0,509.0,18101.0,86300.0
285,2020-11-02,83938.0,729.0,44402.0,40235.0
286,2020-11-03,126902.0,1624.0,30149.0,95474.0
287,2020-11-04,102069.0,1081.0,38397.0,65028.0
288,2020-11-05,130032.0,1214.0,38224.0,89984.0
289,2020-11-06,129127.0,1183.0,29040.0,97762.0
290,2020-11-07,127222.0,1126.0,40674.0,85755.0
291,2020-11-08,119368.0,576.0,30026.0,84571.0
292,2020-11-09,119525.0,803.0,47354.0,72301.0
293,2020-11-10,139101.0,1464.0,33028.0,106057.0
294,2020-11-11,149559.0,1463.0,35302.0,110014.0
295,2020-11-12,159643.0,1239.0,54081.0,109461.0
296,2020-11-13,178761.0,1193.0,43890.0,135306.0
297,2020-11-14,162957.0,1400.0,53298.0,113282.0
298,2020-11-15,138514.0,759.0,26440.0,109138.0
299,2020-11-16,155737.0,874.0,69927.0,91863.0
300,2020-11-17,167352.0,1741.0,48829.0,113410.0
301,2020-11-18,173416.0,1933.0,57149.0,114183.0
302,2020-11-19,191967.0,2012.0,59920.0,129533.0
303,2020-11-20,201085.0,2002.0,47221.0,149156.0
304,2020-11-21,177604.0,1632.0,71770.0,106045.0
305,2020-11-22,145235.0,1076.0,0.0,149098.0
306,2020-11-23,184286.0,1136.0,107087.0,65903.0
307,2020-11-24,174968.0,2176.0,63064.0,110349.0
308,2020-11-25,181251.0,2227.0,139292.0,41852.0
309,2020-11-26,112911.0,1400.0,35247.0,75891.0
310,2020-11-27,215202.0,1620.0,76243.0,130139.0
311,2020-11-28,167489.0,1411.0,75617.0,78679.0
312,2020-11-29,139673.0,1044.0,41967.0,97322.0
313,2020-11-30,158531.0,1409.0,81289.0,77684.0
314,2020-12-01,198831.0,2498.0,80262.0,105526.0
315,2020-12-02,197016.0,2873.0,95547.0,104532.0
316,2020-12-03,219423.0,2906.0,81890.0,138587.0
317,2020-12-04,235134.0,2627.0,66371.0,163572.0
318,2020-12-05,219923.0,2396.0,105637.0,107816.0
319,2020-12-06,178131.0,1422.0,48418.0,131483.0
320,2020-12-07,196241.0,1630.0,90113.0,102687.0
321,2020-12-08,227499.0,2601.0,72358.0,149471.0
322,2020-12-09,215735.0,2959.0,102981.0,116490.0
323,2020-12-10,235777.0,2913.0,95151.0,133281.0
324,2020-12-11,236902.0,3332.0,150267.0,86412.0
325,2020-12-12,222756.0,2505.0,111291.0,104036.0
326,2020-12-13,190642.0,1568.0,51477.0,134860.0
327,2020-12-14,210361.0,1697.0,0.0,6490743.0
328,2020-12-15,227221.0,2898.0,0.0,205877.0
329,2020-12-16,234143.0,3666.0,0.0,242974.0
330,2020-12-17,239174.0,3413.0,0.0,236400.0
331,2020-12-18,246440.0,2955.0,0.0,248858.0
332,2020-12-19,205025.0,2737.0,0.0,189449.0
333,2020-12-20,186169.0,1701.0,0.0,186293.0
334,2020-12-21,197425.0,1826.0,0.0,196779.0
335,2020-12-22,205790.0,3299.0,0.0,194702.0
336,2020-12-23,220787.0,3303.0,0.0,226192.0
337,2020-12-24,211595.0,2861.0,0.0,191257.0
338,2020-12-25,125524.0,1503.0,0.0,96446.0
339,2020-12-26,217968.0,1911.0,0.0,224524.0
340,2020-12-27,136183.0,1467.0,0.0,154409.0
341,2020-12-28,174633.0,1900.0,0.0,172144.0
342,2020-12-29,206841.0,3538.0,0.0,196774.0
343,2020-12-30,218748.0,3880.0,0.0,229949.0
344,2020-12-31,313926.0,3218.0,0.0,232138.0
345,2021-01-01,177520.0,2240.0,0.0,151761.0
346,2021-01-02,272624.0,2592.0,0.0,297947.0
347,2021-01-03,203213.0,1401.0,0.0,207400.0
348,2021-01-04,186733.0,2016.0,0.0,181912.0
349,2021-01-05,232142.0,3576.0,0.0,231332.0
350,2021-01-06,259715.0,3870.0,0.0,251733.0
351,2021-01-07,285063.0,3993.0,0.0,274344.0
352,2021-01-08,302860.0,4228.0,0.0,291147.0
353,2021-01-09,263504.0,3159.0,0.0,257642.0
354,2021-01-10,209946.0,2090.0,0.0,211412.0
355,2021-01-11,204502.0,1851.0,0.0,212558.0
356,2021-01-12,222416.0,4349.0,0.0,222492.0
357,2021-01-13,228675.0,3968.0,0.0,226288.0
358,2021-01-14,234924.0,3780.0,0.0,231779.0
359,2021-01-15,244336.0,3813.0,0.0,238893.0
360,2021-01-16,216982.0,3550.0,0.0,198435.0
361,2021-01-17,176165.0,2015.0,0.0,176048.0
362,2021-01-18,141284.0,1583.0,0.0,142045.0
363,2021-01-19,157014.0,2374.0,0.0,173493.0
364,2021-01-20,187668.0,4405.0,0.0,178855.0
365,2021-01-21,192027.0,4063.0,0.0,189664.0
366,2021-01-22,191356.0,3766.0,0.0,186914.0
367,2021-01-23,177339.0,3523.0,0.0,167413.0
368,2021-01-24,139795.0,1829.0,0.0,129306.0
369,2021-01-25,129973.0,1782.0,0.0,149701.0
370,2021-01-26,151294.0,4013.0,0.0,143617.0
371,2021-01-27,155165.0,4060.0,0.0,149994.0
372,2021-01-28,166715.0,3766.0,0.0,164797.0
373,2021-01-29,163299.0,3594.0,0.0,162996.0
374,2021-01-30,150409.0,2817.0,0.0,139676.0
375,2021-01-31,112571.0,1932.0,0.0,110294.0
376,2021-02-01,125812.0,1779.0,0.0,132904.0
377,2021-02-02,117390.0,3541.0,0.0,111869.0
378,2021-02-03,124375.0,3856.0,0.0,117784.0
379,2021-02-04,124653.0,3881.0,0.0,120270.0
380,2021-02-05,130407.0,3657.0,0.0,130756.0
381,2021-02-06,116280.0,2725.0,0.0,101506.0
382,2021-02-07,89169.0,1463.0,0.0,88309.0
383,2021-02-08,83162.0,1449.0,0.0,88819.0
384,2021-02-09,95758.0,3025.0,0.0,92192.0
385,2021-02-10,95695.0,3359.0,0.0,91954.0
386,2021-02-11,106152.0,3155.0,0.0,102536.0
387,2021-02-12,99559.0,2833.0,0.0,96760.0
388,2021-02-13,90348.0,2253.0,0.0,85032.0
389,2021-02-14,68190.0,1151.0,0.0,63971.0
390,2021-02-15,56104.0,946.0,0.0,53320.0
391,2021-02-16,59838.0,1648.0,0.0,60747.0
392,2021-02-17,69005.0,2408.0,0.0,67730.0
393,2021-02-18,72250.0,2558.0,0.0,67382.0
394,2021-02-19,74874.0,2521.0,0.0,76670.0
395,2021-02-20,73581.0,1901.0,0.0,69785.0
396,2021-02-21,55253.0,1211.0,0.0,55929.0
397,2021-02-22,56056.0,1205.0,0.0,54826.0
398,2021-02-23,73830.0,2257.0,0.0,69996.0
399,2021-02-24,74981.0,3212.0,0.0,71567.0
400,2021-02-25,77060.0,2509.0,0.0,75064.0
401,2021-02-26,74923.0,2122.0,0.0,75266.0
402,2021-02-27,70830.0,1512.0,0.0,63126.0
403,2021-02-28,51656.0,1088.0,0.0,50328.0
404,2021-03-01,50122.0,1218.0,0.0,56578.0
405,2021-03-02,58676.0,1921.0,0.0,55133.0
406,2021-03-03,67068.0,2574.0,0.0,64733.0
407,2021-03-04,68441.0,1867.0,0.0,66116.0
408,2021-03-05,67182.0,1772.0,0.0,64646.0
409,2021-03-06,60763.0,1455.0,0.0,56741.0
410,2021-03-07,41544.0,703.0,0.0,40376.0
411,2021-03-08,44748.0,722.0,0.0,44181.0
412,2021-03-09,55831.0,1759.0,0.0,55845.0
413,2021-03-10,57720.0,1537.0,0.0,56336.0
414,2021-03-11,61755.0,1541.0,0.0,60908.0
415,2021-03-12,62274.0,1427.0,0.0,59946.0
416,2021-03-13,56258.0,1010.0,0.0,52023.0
417,2021-03-14,38566.0,588.0,0.0,37704.0
418,2021-03-15,51537.0,649.0,0.0,55789.0
419,2021-03-16,55079.0,1243.0,0.0,52805.0
420,2021-03-17,59879.0,1194.0,0.0,58063.0
421,2021-03-18,62203.0,1632.0,0.0,58714.0
422,2021-03-19,60910.0,1020.0,0.0,60519.0
423,2021-03-20,58267.0,726.0,0.0,54759.0
424,2021-03-21,35412.0,704.0,0.0,33393.0
425,2021-03-22,48437.0,553.0,0.0,50711.0
426,2021-03-23,52726.0,972.0,0.0,52791.0
427,2021-03-24,87825.0,1397.0,0.0,85443.0
428,2021-03-25,67389.0,1344.0,0.0,66146.0
429,2021-03-26,76144.0,1152.0,0.0,76219.0
430,2021-03-27,63792.0,804.0,0.0,62057.0
431,2021-03-28,46372.0,442.0,0.0,42695.0
432,2021-03-29,66643.0,634.0,0.0,68573.0
433,2021-03-30,62222.0,888.0,0.0,60541.0
434,2021-03-31,69402.0,1074.0,0.0,65692.0
435,2021-04-01,76845.0,1099.0,0.0,78038.0
436,2021-04-02,73864.0,897.0,0.0,68934.0
437,2021-04-03,64509.0,755.0,0.0,62519.0
438,2021-04-04,37867.0,312.0,0.0,34830.0
439,2021-04-05,68224.0,466.0,0.0,76881.0
440,2021-04-06,63395.0,828.0,0.0,59829.0
441,2021-04-07,75739.0,2598.0,0.0,72412.0
442,2021-04-08,79844.0,1008.0,0.0,78857.0
443,2021-04-09,84412.0,902.0,0.0,81817.0
444,2021-04-10,70364.0,758.0,0.0,65984.0
445,2021-04-11,47331.0,293.0,0.0,46203.0
446,2021-04-12,63202.0,455.0,0.0,69614.0
447,2021-04-13,80713.0,862.0,0.0,77122.0
448,2021-04-14,74962.0,933.0,0.0,74459.0
449,2021-04-15,74228.0,905.0,0.0,73399.0
450,2021-04-16,82748.0,871.0,0.0,79182.0
451,2021-04-17,55384.0,711.0,0.0,51849.0
452,2021-04-18,43823.0,353.0,0.0,41777.0
453,2021-04-19,59835.0,496.0,0.0,67619.0
454,2021-04-20,62429.0,837.0,0.0,60100.0
455,2021-04-21,64690.0,896.0,0.0,62000.0
456,2021-04-22,66213.0,939.0,0.0,66303.0
457,2021-04-23,62650.0,764.0,0.0,61621.0
458,2021-04-24,54307.0,750.0,0.0,52744.0
459,2021-04-25,34408.0,309.0,0.0,31872.0
460,2021-04-26,43288.0,478.0,0.0,47072.0
461,2021-04-27,52057.0,666.0,0.0,50187.0
462,2021-04-28,55834.0,983.0,0.0,54174.0
463,2021-04-29,57679.0,883.0,0.0,57383.0
464,2021-04-30,57726.0,800.0,0.0,57167.0
465,2021-05-01,48171.0,748.0,0.0,44669.0
466,2021-05-02,30596.0,328.0,0.0,29069.0
467,2021-05-03,45400.0,486.0,0.0,49988.0
468,2021-05-04,42727.0,842.0,0.0,39841.0
469,2021-05-05,45795.0,813.0,0.0,43919.0
470,2021-05-06,45945.0,796.0,0.0,46753.0
471,2021-05-07,48165.0,756.0,0.0,47380.0
472,2021-05-08,34964.0,639.0,0.0,33047.0
473,2021-05-09,22739.0,263.0,0.0,21182.0
474,2021-05-10,32796.0,402.0,0.0,36390.0
475,2021-05-11,35280.0,680.0,0.0,32958.0
476,2021-05-12,35961.0,767.0,0.0,35071.0
477,2021-05-13,37883.0,742.0,0.0,37311.0
478,2021-05-14,41582.0,631.0,0.0,41605.0
479,2021-05-15,30481.0,525.0,0.0,28359.0
480,2021-05-16,17632.0,268.0,0.0,16611.0
481,2021-05-17,25531.0,402.0,0.0,28222.0
482,2021-05-18,29018.0,780.0,0.0,27020.0
483,2021-05-19,29044.0,654.0,0.0,28622.0
484,2021-05-20,30005.0,685.0,0.0,29529.0
485,2021-05-21,28665.0,600.0,0.0,27337.0
486,2021-05-22,20917.0,488.0,0.0,19308.0
487,2021-05-23,13788.0,207.0,0.0,12672.0
488,2021-05-24,22158.0,437.0,0.0,25374.0
489,2021-05-25,23806.0,638.0,0.0,22110.0
490,2021-05-26,24351.0,986.0,0.0,22997.0
491,2021-05-27,26546.0,1350.0,0.0,26102.0
492,2021-05-28,21916.0,535.0,0.0,21300.0
493,2021-05-29,12974.0,327.0,0.0,11671.0
494,2021-05-30,7206.0,148.0,0.0,6602.0
495,2021-05-31,6350.0,182.0,0.0,5629.0
496,2021-06-01,21093.0,643.0,0.0,22299.0
497,2021-06-02,16591.0,565.0,0.0,16360.0
498,2021-06-03,17969.0,629.0,0.0,18460.0
499,2021-06-04,17513.0,516.0,0.0,16330.0
500,2021-06-05,15157.0,586.0,0.0,13534.0
501,2021-06-06,5896.0,169.0,0.0,5228.0
502,2021-06-07,14186.0,307.0,0.0,15183.0
503,2021-06-08,12799.0,307.0,0.0,12675.0
504,2021-06-09,18201.0,475.0,0.0,18205.0
505,2021-06-10,14517.0,402.0,0.0,14117.0
506,2021-06-11,24504.0,526.0,0.0,24057.0
507,2021-06-12,8821.0,269.0,0.0,7948.0
508,2021-06-13,5029.0,112.0,0.0,4664.0
509,2021-06-14,11905.0,186.0,0.0,12561.0
510,2021-06-15,10643.0,323.0,0.0,10996.0
511,2021-06-16,11754.0,384.0,0.0,12062.0
512,2021-06-17,11522.0,299.0,0.0,10118.0
513,2021-06-18,20986.0,599.0,0.0,20015.0
514,2021-06-19,8889.0,170.0,0.0,8350.0
515,2021-06-20,4929.0,80.0,0.0,3809.0
516,2021-06-21,10728.0,261.0,0.0,12120.0
517,2021-06-22,10770.0,341.0,0.0,10570.0
518,2021-06-23,12490.0,386.0,0.0,12061.0
519,2021-06-24,14195.0,343.0,0.0,12489.0
520,2021-06-25,24509.0,528.0,0.0,12318.0
521,2021-06-26,9045.0,160.0,0.0,17987.0
522,2021-06-27,4662.0,76.0,0.0,3846.0
523,2021-06-28,13765.0,159.0,0.0,14933.0
524,2021-06-29,7531.0,328.0,0.0,11237.0
525,2021-06-30,15279.0,299.0,0.0,12556.0
526,2021-07-01,14926.0,283.0,0.0,13125.0
527,2021-07-02,29596.0,437.0,0.0,30302.0
528,2021-07-03,5286.0,85.0,0.0,4726.0
529,2021-07-04,4271.0,40.0,0.0,3708.0
530,2021-07-05,9165.0,120.0,0.0,5487.0
531,2021-07-06,22568.0,304.0,0.0,23695.0
532,2021-07-07,20139.0,327.0,0.0,23003.0
533,2021-07-08,20884.0,251.0,0.0,19804.0
534,2021-07-09,46974.0,463.0,0.0,47723.0
535,2021-07-10,10042.0,78.0,0.0,8899.0
536,2021-07-11,11768.0,119.0,0.0,6140.0
537,2021-07-12,29661.0,232.0,0.0,32529.0
538,2021-07-13,26505.0,355.0,0.0,27788.0
539,2021-07-14,31120.0,324.0,0.0,31958.0
540,2021-07-15,31932.0,355.0,0.0,28177.0
541,2021-07-16,78031.0,453.0,0.0,77021.0
542,2021-07-17,14071.0,72.0,0.0,14522.0
543,2021-07-18,20384.0,96.0,0.0,12154.0
544,2021-07-19,49213.0,198.0,0.0,51899.0
545,2021-07-20,39925.0,287.0,0.0,42405.0
546,2021-07-21,47854.0,364.0,0.0,51699.0
547,2021-07-22,56427.0,288.0,0.0,54743.0
548,2021-07-23,120781.0,552.0,0.0,118248.0
549,2021-07-24,29395.0,136.0,0.0,27280.0
550,2021-07-25,28654.0,104.0,0.0,15655.0
551,2021-07-26,78538.0,250.0,0.0,89237.0
552,2021-07-27,65151.0,457.0,0.0,70398.0
553,2021-07-28,73570.0,380.0,0.0,68384.0
554,2021-07-29,72356.0,319.0,0.0,77849.0
555,2021-07-30,191156.0,885.0,0.0,193717.0
556,2021-07-31,44736.0,177.0,0.0,32664.0
557,2021-08-01,45414.0,235.0,0.0,25070.0
558,2021-08-02,107474.0,372.0,0.0,127525.0
559,2021-08-03,98079.0,586.0,0.0,105941.0
560,2021-08-04,102405.0,549.0,0.0,92224.0
561,2021-08-05,109604.0,527.0,0.0,106179.0
562,2021-08-06,251959.0,1131.0,0.0,256918.0
563,2021-08-07,63927.0,271.0,0.0,43857.0
564,2021-08-08,35734.0,140.0,0.0,23752.0
565,2021-08-09,158392.0,521.0,0.0,184225.0
566,2021-08-10,118321.0,822.0,0.0,106055.0
567,2021-08-11,154494.0,809.0,0.0,134835.0
568,2021-08-12,143846.0,1031.0,0.0,115931.0
569,2021-08-13,226712.0,1062.0,0.0,288917.0
570,2021-08-14,74236.0,279.0,0.0,39079.0
571,2021-08-15,47899.0,214.0,0.0,41491.0
572,2021-08-16,193322.0,1047.0,0.0,209305.0
573,2021-08-17,151230.0,1027.0,0.0,127997.0
574,2021-08-18,167259.0,1204.0,0.0,136992.0
575,2021-08-19,155376.0,1781.0,0.0,137563.0
576,2021-08-20,239003.0,1455.0,0.0,316779.0
577,2021-08-21,93589.0,577.0,0.0,59061.0
578,2021-08-22,45416.0,223.0,0.0,36492.0
579,2021-08-23,206166.0,1335.0,0.0,228923.0
580,2021-08-24,155223.0,1436.0,0.0,133840.0
581,2021-08-25,179154.0,1549.0,0.0,146687.0
582,2021-08-26,183791.0,2218.0,0.0,160039.0
583,2021-08-27,238345.0,1749.0,0.0,319736.0
584,2021-08-28,80085.0,654.0,0.0,52577.0
585,2021-08-29,53230.0,324.0,0.0,36106.0
586,2021-08-30,227918.0,1715.0,0.0,259442.0
587,2021-08-31,180081.0,1442.0,0.0,139307.0
588,2021-09-01,190387.0,2047.0,0.0,196111.0
589,2021-09-02,179180.0,3054.0,0.0,151555.0
590,2021-09-03,235115.0,1939.0,0.0,297047.0
591,2021-09-04,87370.0,660.0,0.0,55643.0
592,2021-09-05,64743.0,427.0,0.0,38199.0
593,2021-09-06,90037.0,621.0,0.0,72801.0
594,2021-09-07,210084.0,2095.0,0.0,260170.0
595,2021-09-08,177624.0,2298.0,0.0,174539.0
596,2021-09-09,166706.0,3225.0,0.0,143183.0
597,2021-09-10,241690.0,2455.0,0.0,257664.0
598,2021-09-11,90575.0,842.0,0.0,56827.0
599,2021-09-12,49620.0,384.0,0.0,33528.0
600,2021-09-13,207683.0,2153.0,0.0,263929.0
601,2021-09-14,145609.0,1922.0,0.0,141856.0
602,2021-09-15,173213.0,2732.0,0.0,168888.0
603,2021-09-16,158653.0,3488.0,0.0,245999.0
604,2021-09-17,210630.0,2462.0,0.0,205251.0
605,2021-09-18,76313.0,1003.0,0.0,56012.0
606,2021-09-19,46031.0,408.0,0.0,36503.0
607,2021-09-20,169381.0,2308.0,0.0,200074.0
608,2021-09-21,121879.0,2442.0,0.0,118457.0
609,2021-09-22,131631.0,2689.0,0.0,130118.0
610,2021-09-23,129076.0,3307.0,0.0,122485.0
611,2021-09-24,174569.0,2486.0,0.0,181837.0
612,2021-09-25,61915.0,852.0,0.0,86025.0
613,2021-09-26,55657.0,593.0,0.0,0.0
614,2021-09-27,153901.0,2253.0,0.0,182684.0
615,2021-09-28,113209.0,2517.0,0.0,108629.0
616,2021-09-29,121880.0,2638.0,0.0,119440.0
617,2021-09-30,110147.0,2824.0,0.0,107892.0
618,2021-10-01,154832.0,2132.0,0.0,156375.0
619,2021-10-02,49796.0,878.0,0.0,38559.0
620,2021-10-03,46238.0,539.0,0.0,24978.0
621,2021-10-04,140564.0,1932.0,0.0,167098.0
622,2021-10-05,95558.0,1884.0,0.0,93840.0
623,2021-10-06,112749.0,2661.0,0.0,108229.0
624,2021-10-07,101108.0,2469.0,0.0,97691.0
625,2021-10-08,130561.0,1806.0,0.0,128622.0
626,2021-10-09,40380.0,454.0,0.0,27222.0
627,2021-10-10,41019.0,490.0,0.0,21939.0
628,2021-10-11,92844.0,1183.0,0.0,115374.0
629,2021-10-12,111005.0,2282.0,0.0,103892.0
630,2021-10-13,108317.0,3185.0,0.0,117703.0
631,2021-10-14,86184.0,2191.0,0.0,82854.0
632,2021-10-15,108751.0,1822.0,0.0,114771.0
633,2021-10-16,41390.0,599.0,0.0,31156.0
634,2021-10-17,33191.0,479.0,0.0,16749.0
635,2021-10-18,96631.0,1767.0,0.0,115695.0
636,2021-10-19,82630.0,1928.0,0.0,79242.0
637,2021-10-20,92233.0,3191.0,0.0,83688.0
638,2021-10-21,77332.0,2021.0,0.0,80113.0
639,2021-10-22,95899.0,1874.0,0.0,97336.0
640,2021-10-23,34331.0,575.0,0.0,26571.0
641,2021-10-24,20971.0,283.0,0.0,16655.0
642,2021-10-25,109473.0,1456.0,0.0,101497.0
643,2021-10-26,67666.0,1608.0,0.0,60328.0
644,2021-10-27,102467.0,2052.0,0.0,92603.0
645,2021-10-28,74558.0,1860.0,0.0,98310.0
646,2021-10-29,94717.0,1734.0,0.0,117450.0
647,2021-10-30,36339.0,402.0,0.0,29011.0
648,2021-10-31,34031.0,260.0,0.0,17435.0
649,2021-11-01,109840.0,1249.0,0.0,119938.0
650,2021-11-02,70093.0,1307.0,0.0,75603.0
651,2021-11-03,86715.0,1984.0,0.0,81596.0
652,2021-11-04,81232.0,1201.0,0.0,81211.0
653,2021-11-05,97090.0,2118.0,0.0,98740.0
654,2021-11-06,37294.0,510.0,0.0,25395.0
655,2021-11-07,38992.0,235.0,0.0,25926.0
656,2021-11-08,107330.0,1200.0,0.0,124143.0
657,2021-11-09,79998.0,1448.0,0.0,78306.0
658,2021-11-10,95134.0,1689.0,0.0,94304.0
659,2021-11-11,57676.0,903.0,0.0,62485.0
660,2021-11-12,144121.0,2448.0,0.0,136184.0
661,2021-11-13,46193.0,601.0,0.0,58746.0
662,2021-11-14,33902.0,231.0,0.0,23458.0
663,2021-11-15,131057.0,1277.0,0.0,146198.0
664,2021-11-16,87981.0,1319.0,0.0,86011.0
665,2021-11-17,112406.0,1659.0,0.0,109486.0
666,2021-11-18,108583.0,1335.0,0.0,109941.0
667,2021-11-19,126271.0,1761.0,0.0,127064.0
668,2021-11-20,47256.0,475.0,0.0,41171.0
669,2021-11-21,41529.0,250.0,0.0,28614.0
670,2021-11-22,140896.0,1246.0,0.0,156354.0
671,2021-11-23,91722.0,1351.0,0.0,91183.0
672,2021-11-24,111571.0,1699.0,0.0,109639.0
673,2021-11-25,37057.0,488.0,0.0,33948.0
674,2021-11-26,54693.0,389.0,0.0,50961.0
675,2021-11-27,28467.0,338.0,0.0,24369.0
676,2021-11-28,45123.0,278.0,0.0,26644.0
677,2021-11-29,185150.0,1914.0,0.0,206783.0
678,2021-11-30,117606.0,1638.0,0.0,115396.0
679,2021-12-01,137001.0,1995.0,0.0,135633.0
680,2021-12-02,137913.0,3940.0,0.0,135945.0
681,2021-12-03,157998.0,1611.0,0.0,156104.0
682,2021-12-04,67808.0,701.0,0.0,60506.0
683,2021-12-05,56562.0,414.0,0.0,34060.0
684,2021-12-06,174919.0,1426.0,0.0,191502.0
685,2021-12-07,112468.0,1512.0,0.0,107194.0
686,2021-12-08,149378.0,1823.0,0.0,150025.0
687,2021-12-09,123934.0,1548.0,0.0,120777.0
688,2021-12-10,157415.0,1753.0,0.0,170181.0
689,2021-12-11,57742.0,624.0,0.0,50731.0
690,2021-12-12,53397.0,372.0,0.0,36651.0
691,2021-12-13,183253.0,1389.0,0.0,196653.0
692,2021-12-14,113350.0,1511.0,0.0,112283.0
693,2021-12-15,145615.0,2232.0,0.0,139038.0
694,2021-12-16,142191.0,1269.0,0.0,137740.0
695,2021-12-17,192508.0,1864.0,0.0,191137.0
696,2021-12-18,81681.0,681.0,0.0,66437.0
697,2021-12-19,90919.0,320.0,0.0,73042.0
698,2021-12-20,241163.0,1547.0,0.0,252441.0
699,2021-12-21,182274.0,1914.0,0.0,169979.0
700,2021-12-22,247854.0,4185.0,0.0,271113.0
701,2021-12-23,274389.0,1405.0,0.0,265467.0
702,2021-12-24,248268.0,690.0,0.0,150910.0
703,2021-12-25,88315.0,243.0,0.0,128649.0
704,2021-12-26,183521.0,372.0,0.0,185297.0
705,2021-12-27,506071.0,1846.0,0.0,510791.0
706,2021-12-28,372459.0,2281.0,0.0,374677.0
707,2021-12-29,511020.0,2355.0,0.0,487083.0
708,2021-12-30,597949.0,1487.0,0.0,645658.0
709,2021-12-31,512043.0,731.0,0.0,435992.0
710,2022-01-01,192231.0,402.0,0.0,115704.0
711,2022-01-02,296243.0,459.0,0.0,253847.0
712,2022-01-03,1042792.0,1905.0,0.0,1075196.0
713,2022-01-04,828811.0,2323.0,0.0,855536.0
714,2022-01-05,675782.0,2225.0,0.0,651547.0
715,2022-01-06,844606.0,2097.0,0.0,783402.0
716,2022-01-07,878995.0,2440.0,0.0,898248.0
717,2022-01-08,408676.0,873.0,0.0,378033.0
718,2022-01-09,493412.0,621.0,0.0,304768.0
719,2022-01-10,1354505.0,2048.0,0.0,1483858.0
720,2022-01-11,786215.0,2519.0,0.0,747746.0
721,2022-01-12,853867.0,2851.0,0.0,892550.0
722,2022-01-13,865289.0,2561.0,0.0,856716.0
723,2022-01-14,879151.0,2796.0,0.0,853125.0
724,2022-01-15,416301.0,1009.0,0.0,526615.0
725,2022-01-16,486100.0,766.0,0.0,254005.0
726,2022-01-17,660248.0,1039.0,0.0,720677.0
727,2022-01-18,1132846.0,2734.0,0.0,1165856.0
728,2022-01-19,909841.0,3485.0,0.0,975957.0
729,2022-01-20,730879.0,2930.0,0.0,735992.0
730,2022-01-21,805737.0,3381.0,0.0,897360.0
731,2022-01-22,309959.0,1032.0,0.0,283592.0
732,2022-01-23,370919.0,742.0,0.0,204100.0
733,2022-01-24,908747.0,2175.0,0.0,1006810.0
734,2022-01-25,492258.0,3157.0,0.0,459585.0
735,2022-01-26,677098.0,3862.0,0.0,734196.0
736,2022-01-27,503285.0,2620.0,0.0,515444.0
737,2022-01-28,612647.0,4087.0,0.0,635341.0
738,2022-01-29,182672.0,1214.0,0.0,167523.0
739,2022-01-30,201011.0,489.0,0.0,96361.0
740,2022-01-31,535312.0,2595.0,0.0,606384.0
741,2022-02-01,326437.0,3347.0,0.0,405069.0
742,2022-02-02,327097.0,3615.0,0.0,326582.0
743,2022-02-03,273623.0,2486.0,0.0,279233.0
744,2022-02-04,354739.0,4129.0,0.0,387248.0
745,2022-02-05,88420.0,929.0,0.0,103226.0
746,2022-02-06,85022.0,470.0,0.0,46940.0
747,2022-02-07,342590.0,2866.0,0.0,344411.0
748,2022-02-08,213817.0,3001.0,0.0,195457.0
749,2022-02-09,187151.0,3335.0,0.0,210196.0
750,2022-02-10,170365.0,3253.0,0.0,160262.0
751,2022-02-11,208169.0,2708.0,0.0,220602.0
752,2022-02-12,52794.0,826.0,0.0,54350.0
753,2022-02-13,59196.0,584.0,0.0,32088.0
754,2022-02-14,167199.0,3176.0,0.0,176395.0
755,2022-02-15,110383.0,2598.0,0.0,114338.0
756,2022-02-16,113807.0,3185.0,0.0,133405.0
757,2022-02-17,101268.0,2947.0,0.0,93380.0
758,2022-02-18,143887.0,2502.0,0.0,151439.0
759,2022-02-19,32158.0,688.0,0.0,32989.0
760,2022-02-20,23542.0,448.0,0.0,21669.0
761,2022-02-21,79645.0,902.0,0.0,49310.0
762,2022-02-22,89182.0,2172.0,0.0,116481.0
763,2022-02-23,84044.0,3092.0,0.0,81965.0
764,2022-02-24,66528.0,2956.0,0.0,62606.0
765,2022-02-25,73642.0,2081.0,0.0,81523.0
766,2022-02-26,47842.0,764.0,0.0,47840.0
767,2022-02-27,18533.0,227.0,0.0,7282.0
768,2022-02-28,96764.0,2130.0,0.0,103747.0
769,2022-03-01,46454.0,1764.0,0.0,44371.0
770,2022-03-02,53024.0,2099.0,0.0,50274.0
771,2022-03-03,48487.0,1707.0,0.0,50549.0
772,2022-03-04,50643.0,1718.0,0.0,52619.0
773,2022-03-05,15267.0,310.0,0.0,14923.0
774,2022-03-06,12624.0,215.0,0.0,5556.0
775,2022-03-07,61334.0,1699.0,0.0,66047.0
776,2022-03-08,29336.0,1417.0,0.0,28272.0
777,2022-03-09,36895.0,2024.0,0.0,35619.0
778,2022-03-10,45668.0,1762.0,0.0,46673.0
779,2022-03-11,48760.0,1661.0,0.0,50409.0
780,2022-03-12,10518.0,280.0,0.0,10075.0
781,2022-03-13,11308.0,196.0,0.0,5568.0
782,2022-03-14,34270.0,1295.0,0.0,41639.0
783,2022-03-15,23513.0,1080.0,0.0,23161.0
784,2022-03-16,51235.0,1848.0,0.0,43071.0
785,2022-03-17,52025.0,1494.0,0.0,50349.0
786,2022-03-18,31632.0,1049.0,0.0,32713.0
787,2022-03-19,11122.0,286.0,0.0,10637.0
788,2022-03-20,11665.0,88.0,0.0,6548.0
789,2022-03-21,41045.0,1051.0,0.0,42629.0
790,2022-03-22,21229.0,774.0,0.0,23975.0
791,2022-03-23,39900.0,1640.0,0.0,39370.0
792,2022-03-24,42051.0,867.0,0.0,43101.0
793,2022-03-25,44415.0,845.0,0.0,47571.0
794,2022-03-26,9695.0,150.0,0.0,9173.0
795,2022-03-27,12036.0,61.0,0.0,8271.0
796,2022-03-28,37712.0,1020.0,0.0,40082.0
797,2022-03-29,23059.0,761.0,0.0,22682.0
798,2022-03-30,38117.0,1144.0,0.0,36887.0
799,2022-03-31,44550.0,515.0,0.0,41811.0
800,2022-04-01,31163.0,830.0,0.0,38760.0
801,2022-04-02,12080.0,159.0,0.0,10340.0
802,2022-04-03,5014.0,60.0,0.0,4554.0
803,2022-04-04,38118.0,585.0,0.0,1325685.0
804,2022-04-05,24970.0,510.0,0.0,0.0
805,2022-04-06,39930.0,1102.0,0.0,38935.0
806,2022-04-07,49672.0,857.0,0.0,39497.0
807,2022-04-08,73178.0,616.0,0.0,96764.0
808,2022-04-09,13056.0,169.0,0.0,12574.0
809,2022-04-10,9807.0,30.0,0.0,0.0
810,2022-04-11,38114.0,326.0,0.0,53372.0
811,2022-04-12,35223.0,600.0,0.0,27292.0
812,2022-04-13,56068.0,928.0,0.0,39309.0
813,2022-04-14,47853.0,742.0,0.0,54692.0
814,2022-04-15,34469.0,440.0,0.0,38712.0
815,2022-04-16,12819.0,54.0,0.0,12388.0
816,2022-04-17,7923.0,12.0,0.0,7172.0
817,2022-04-18,59551.0,239.0,0.0,53728.0
818,2022-04-19,38499.0,454.0,0.0,46190.0
819,2022-04-20,67774.0,872.0,0.0,67904.0
820,2022-04-21,60483.0,413.0,0.0,48729.0
821,2022-04-22,88576.0,510.0,0.0,100865.0
822,2022-04-23,20703.0,68.0,0.0,19600.0
823,2022-04-24,13983.0,32.0,0.0,12961.0
824,2022-04-25,67804.0,263.0,0.0,58046.0
825,2022-04-26,44890.0,322.0,0.0,56953.0
826,2022-04-27,89812.0,785.0,0.0,87980.0
827,2022-04-28,76974.0,428.0,0.0,61828.0
828,2022-04-29,61253.0,406.0,0.0,73661.0
829,2022-04-30,25097.0,132.0,0.0,23225.0
830,2022-05-01,17363.0,23.0,0.0,16132.0
831,2022-05-02,93873.0,295.0,0.0,78848.0
832,2022-05-03,49664.0,453.0,0.0,60998.0
833,2022-05-04,112349.0,1937.0,0.0,112348.0
834,2022-05-05,88213.0,300.0,0.0,73937.0
835,2022-05-06,129052.0,358.0,0.0,136920.0
836,2022-05-07,29051.0,211.0,0.0,26705.0
837,2022-05-08,6613.0,30.0,0.0,4958.0
838,2022-05-09,129178.0,250.0,0.0,109422.0
839,2022-05-10,70519.0,326.0,0.0,86170.0
840,2022-05-11,161021.0,673.0,0.0,162386.0
841,2022-05-12,105340.0,313.0,0.0,102385.0
842,2022-05-13,87261.0,201.0,0.0,95544.0
843,2022-05-14,18488.0,66.0,0.0,16040.0
844,2022-05-15,33129.0,37.0,0.0,30858.0
845,2022-05-16,176924.0,243.0,0.0,144774.0
846,2022-05-17,85326.0,395.0,0.0,112140.0
847,2022-05-18,203833.0,950.0,0.0,224192.0
848,2022-05-19,135549.0,357.0,0.0,109243.0
849,2022-05-20,148781.0,399.0,0.0,176219.0
850,2022-05-21,28154.0,95.0,0.0,25302.0
851,2022-05-22,13177.0,47.0,0.0,18282.0
852,2022-05-23,149200.0,244.0,0.0,109054.0
853,2022-05-24,83860.0,344.0,0.0,110521.0
854,2022-05-25,210740.0,1078.0,0.0,204188.0
855,2022-05-26,135530.0,367.0,0.0,130074.0
856,2022-05-27,107832.0,524.0,0.0,131627.0
857,2022-05-28,14273.0,47.0,0.0,11010.0
858,2022-05-29,7127.0,19.0,0.0,4281.0
859,2022-05-30,62512.0,42.0,0.0,27737.0
860,2022-05-31,167171.0,367.0,0.0,196128.0
861,2022-06-01,228723.0,664.0,0.0,238452.0
862,2022-06-02,122320.0,341.0,0.0,95216.0
863,2022-06-03,156986.0,372.0,0.0,178463.0
864,2022-06-04,28145.0,184.0,0.0,24410.0
865,2022-06-05,16382.0,34.0,0.0,13120.0
866,2022-06-06,159822.0,279.0,0.0,119993.0
867,2022-06-07,86633.0,481.0,0.0,121189.0
868,2022-06-08,198599.0,1174.0,0.0,208897.0
869,2022-06-09,131939.0,321.0,0.0,115335.0
870,2022-06-10,106161.0,360.0,0.0,138801.0
871,2022-06-11,35395.0,117.0,0.0,32064.0
872,2022-06-12,17874.0,30.0,0.0,14804.0
873,2022-06-13,151569.0,271.0,0.0,116745.0
874,2022-06-14,90177.0,384.0,0.0,125448.0
875,2022-06-15,184888.0,696.0,0.0,182415.0
876,2022-06-16,130031.0,449.0,0.0,116405.0
877,2022-06-17,138812.0,317.0,0.0,157527.0
878,2022-06-18,17794.0,43.0,0.0,14545.0
879,2022-06-19,18150.0,54.0,0.0,15083.0
880,2022-06-20,96043.0,72.0,0.0,50900.0
881,2022-06-21,111186.0,476.0,0.0,154669.0
882,2022-06-22,185360.0,842.0,0.0,183214.0
883,2022-06-23,138707.0,393.0,0.0,120808.0
884,2022-06-24,117207.0,432.0,0.0,151648.0
885,2022-06-25,41115.0,165.0,0.0,39228.0
886,2022-06-26,22462.0,22.0,0.0,18546.0
887,2022-06-27,159935.0,297.0,0.0,124324.0
888,2022-06-28,97810.0,577.0,0.0,124891.0
889,2022-06-29,189893.0,706.0,0.0,192491.0
890,2022-06-30,167753.0,0.0,0.0,212920.0
891,2022-07-01,156838.0,495.0,0.0,197827.0
892,2022-07-02,20579.0,57.0,0.0,16623.0
893,2022-07-03,8659.0,8.0,0.0,4936.0
894,2022-07-04,76457.0,80.0,0.0,42961.0
895,2022-07-05,141416.0,462.0,0.0,179073.0
896,2022-07-06,200404.0,746.0,0.0,196563.0
897,2022-07-07,139061.0,1090.0,0.0,117017.0
898,2022-07-08,137707.0,483.0,0.0,165739.0
899,2022-07-09,29301.0,99.0,0.0,24889.0
900,2022-07-10,24768.0,32.0,0.0,21059.0
901,2022-07-11,200875.0,457.0,0.0,160501.0
902,2022-07-12,148201.0,579.0,0.0,190923.0
903,2022-07-13,204317.0,956.0,0.0,273893.0
904,2022-07-14,175452.0,395.0,0.0,72647.0
905,2022-07-15,153193.0,492.0,0.0,158362.0
906,2022-07-16,39452.0,72.0,0.0,67888.0
907,2022-07-17,29836.0,54.0,0.0,21080.0
908,2022-07-18,164847.0,434.0,0.0,134553.0
909,2022-07-19,117197.0,634.0,0.0,152921.0
910,2022-07-20,216403.0,886.0,0.0,215311.0
911,2022-07-21,175760.0,512.0,0.0,153051.0
912,2022-07-22,131404.0,548.0,0.0,166037.0
913,2022-07-23,26601.0,102.0,0.0,23067.0
914,2022-07-24,23491.0,32.0,0.0,20187.0
915,2022-07-25,189859.0,423.0,0.0,156486.0
916,2022-07-26,132095.0,552.0,0.0,166081.0
917,2022-07-27,239777.0,934.0,0.0,238597.0
918,2022-07-28,177377.0,429.0,0.0,146349.0
919,2022-07-29,159235.0,604.0,0.0,179420.0
920,2022-07-30,16227.0,51.0,0.0,8866.0
921,2022-07-31,13221.0,13.0,0.0,7488.0
922,2022-08-01,169811.0,566.0,0.0,155615.0
923,2022-08-02,90935.0,519.0,0.0,112222.0
924,2022-08-03,200399.0,1044.0,0.0,208155.0
925,2022-08-04,187323.0,664.0,0.0,165985.0
926,2022-08-05,106118.0,687.0,0.0,128240.0
927,2022-08-06,15141.0,73.0,0.0,106289.0
928,2022-08-07,12737.0,32.0,0.0,0.0
929,2022-08-08,155193.0,494.0,0.0,127813.0
930,2022-08-09,99759.0,649.0,0.0,99811.0
931,2022-08-10,196479.0,913.0,0.0,219639.0
932,2022-08-11,162977.0,589.0,0.0,156537.0
933,2022-08-12,96654.0,615.0,0.0,118521.0
934,2022-08-13,83816.0,86.0,0.0,81046.0
935,2022-08-14,9821.0,17.0,0.0,7350.0
936,2022-08-15,122697.0,462.0,0.0,99103.0
937,2022-08-16,91777.0,520.0,0.0,113858.0
938,2022-08-17,136873.0,1067.0,0.0,135966.0
939,2022-08-18,149128.0,649.0,0.0,124386.0
940,2022-08-19,77549.0,564.0,0.0,97194.0
941,2022-08-20,11216.0,75.0,0.0,132677.0
942,2022-08-21,9875.0,788.0,0.0,7528.0
943,2022-08-22,128949.0,0.0,0.0,0.0
944,2022-08-23,99286.0,616.0,0.0,129787.0
945,2022-08-24,151689.0,930.0,0.0,148704.0
946,2022-08-25,139661.0,650.0,0.0,123550.0
947,2022-08-26,120720.0,670.0,0.0,142241.0
948,2022-08-27,11873.0,72.0,0.0,13031.0
949,2022-08-28,8523.0,20.0,0.0,6831.0
950,2022-08-29,106117.0,475.0,0.0,88801.0
951,2022-08-30,75514.0,411.0,0.0,98844.0
952,2022-08-31,154220.0,1491.0,0.0,151095.0
953,2022-09-01,130817.0,716.0,0.0,116584.0
954,2022-09-02,64639.0,451.0,0.0,82873.0
955,2022-09-03,11488.0,68.0,0.0,9460.0
956,2022-09-04,7482.0,14.0,0.0,6110.0
957,2022-09-05,33675.0,89.0,0.0,19709.0
958,2022-09-06,112447.0,605.0,0.0,130047.0
959,2022-09-07,123971.0,779.0,0.0,95619.0
960,2022-09-08,107224.0,711.0,0.0,122452.0
961,2022-09-09,100760.0,506.0,0.0,105778.0
962,2022-09-10,10160.0,82.0,0.0,17921.0
963,2022-09-11,9044.0,21.0,0.0,7950.0
964,2022-09-12,69388.0,451.0,0.0,68922.0
965,2022-09-13,79673.0,528.0,0.0,66796.0
966,2022-09-14,103201.0,941.0,0.0,102181.0
967,2022-09-15,83637.0,694.0,0.0,94245.0
968,2022-09-16,56236.0,406.0,0.0,59879.0
969,2022-09-17,8571.0,59.0,0.0,7709.0
970,2022-09-18,5491.0,24.0,0.0,4703.0
971,2022-09-19,55691.0,389.0,0.0,54706.0
972,2022-09-20,69262.0,449.0,0.0,62604.0
973,2022-09-21,98364.0,966.0,0.0,97269.0
974,2022-09-22,81070.0,690.0,0.0,94577.0
975,2022-09-23,83284.0,397.0,0.0,85730.0
976,2022-09-24,9758.0,82.0,0.0,9049.0
977,2022-09-25,6745.0,18.0,0.0,5812.0
978,2022-09-26,45552.0,365.0,0.0,44851.0
979,2022-09-27,61049.0,452.0,0.0,46245.0
980,2022-09-28,86545.0,1268.0,0.0,85000.0
981,2022-09-29,84536.0,726.0,0.0,97047.0
982,2022-09-30,33565.0,320.0,0.0,37762.0
983,2022-10-01,8045.0,35.0,0.0,7469.0
984,2022-10-02,5884.0,18.0,0.0,5342.0
985,2022-10-03,41490.0,291.0,0.0,40580.0
986,2022-10-04,55359.0,505.0,0.0,41813.0
987,2022-10-05,71377.0,1026.0,0.0,70024.0
988,2022-10-06,60964.0,627.0,0.0,59651.0
989,2022-10-07,58336.0,400.0,0.0,74043.0
990,2022-10-08,7841.0,52.0,0.0,7263.0
991,2022-10-09,5640.0,12.0,0.0,5019.0
992,2022-10-10,23073.0,135.0,0.0,21759.0
993,2022-10-11,60845.0,610.0,0.0,50526.0
994,2022-10-12,64701.0,770.0,0.0,63937.0
995,2022-10-13,63621.0,591.0,0.0,73564.0
996,2022-10-14,27074.0,331.0,0.0,28682.0
997,2022-10-15,6087.0,42.0,0.0,5536.0
998,2022-10-16,6816.0,11.0,0.0,6405.0
999,2022-10-17,38952.0,337.0,0.0,37944.0
1000,2022-10-18,43664.0,437.0,0.0,32431.0
1001,2022-10-19,60699.0,710.0,0.0,59621.0
1002,2022-10-20,57430.0,605.0,0.0,66024.0
1003,2022-10-21,46126.0,581.0,0.0,34784.0
1004,2022-10-22,5488.0,23.0,0.0,4959.0
1005,2022-10-23,8635.0,12.0,0.0,8099.0
1006,2022-10-24,39385.0,209.0,0.0,40643.0
1007,2022-10-25,43803.0,435.0,0.0,28289.0
1008,2022-10-26,71540.0,1100.0,0.0,74101.0
1009,2022-10-27,59343.0,594.0,0.0,65740.0
1010,2022-10-28,30442.0,192.0,0.0,28949.0
1011,2022-10-29,9125.0,37.0,0.0,8603.0
1012,2022-10-30,3432.0,9.0,0.0,3104.0
1013,2022-10-31,44969.0,132.0,0.0,44314.0
1014,2022-11-01,48970.0,445.0,0.0,35933.0
1015,2022-11-02,74039.0,723.0,0.0,89820.0
1016,2022-11-03,70842.0,645.0,0.0,68421.0
1017,2022-11-04,38709.0,355.0,0.0,38231.0
1018,2022-11-05,5301.0,33.0,0.0,4587.0
1019,2022-11-06,8131.0,20.0,0.0,7491.0
1020,2022-11-07,40678.0,134.0,0.0,38288.0
1021,2022-11-08,31456.0,221.0,0.0,17182.0
1022,2022-11-09,97325.0,908.0,0.0,114831.0
1023,2022-11-10,66335.0,592.0,0.0,63401.0
1024,2022-11-11,13183.0,56.0,0.0,13285.0
1025,2022-11-12,5272.0,5.0,0.0,4714.0
1026,2022-11-13,2646.0,13.0,0.0,2033.0
1027,2022-11-14,50413.0,254.0,0.0,47766.0
1028,2022-11-15,59878.0,402.0,0.0,40314.0
1029,2022-11-16,84748.0,800.0,0.0,88791.0
1030,2022-11-17,54098.0,528.0,0.0,69673.0
1031,2022-11-18,55595.0,510.0,0.0,55004.0
1032,2022-11-19,5012.0,23.0,0.0,4239.0
1033,2022-11-20,3949.0,20.0,0.0,3268.0
1034,2022-11-21,44518.0,211.0,0.0,42363.0
1035,2022-11-22,56315.0,566.0,0.0,34126.0
1036,2022-11-23,113440.0,986.0,0.0,116085.0
1037,2022-11-24,16321.0,189.0,0.0,34660.0
1038,2022-11-25,22333.0,154.0,0.0,23915.0
1039,2022-11-26,3301.0,14.0,0.0,2189.0
1040,2022-11-27,5950.0,13.0,0.0,4355.0
1041,2022-11-28,62330.0,298.0,0.0,59437.0
1042,2022-11-29,67455.0,412.0,0.0,45029.0
1043,2022-11-30,113012.0,560.0,0.0,113578.0
1044,2022-12-01,90607.0,687.0,0.0,134272.0
1045,2022-12-02,64385.0,312.0,0.0,38639.0
1046,2022-12-03,7125.0,29.0,0.0,5868.0
1047,2022-12-04,5552.0,11.0,0.0,4469.0
1048,2022-12-05,57808.0,223.0,0.0,51037.0
1049,2022-12-06,94991.0,605.0,0.0,53791.0
1050,2022-12-07,145440.0,1005.0,0.0,151606.0
1051,2022-12-08,99226.0,892.0,0.0,133656.0
1052,2022-12-09,36543.0,199.0,0.0,36964.0
1053,2022-12-10,7188.0,33.0,0.0,6128.0
1054,2022-12-11,6314.0,11.0,0.0,4939.0
1055,2022-12-12,59347.0,228.0,0.0,56482.0
1056,2022-12-13,93231.0,595.0,0.0,99349.0
1057,2022-12-14,148168.0,883.0,0.0,145564.0
1058,2022-12-15,112121.0,821.0,0.0,109225.0
1059,2022-12-16,54588.0,425.0,0.0,54815.0
1060,2022-12-17,6812.0,26.0,0.0,5704.0
1061,2022-12-18,5858.0,22.0,0.0,4899.0
1062,2022-12-19,60388.0,282.0,0.0,57711.0
1063,2022-12-20,81924.0,586.0,0.0,52764.0
1064,2022-12-21,182123.0,1042.0,0.0,179588.0
1065,2022-12-22,96144.0,596.0,0.0,118747.0
1066,2022-12-23,39229.0,207.0,0.0,61830.0
1067,2022-12-24,6522.0,22.0,0.0,5605.0
1068,2022-12-25,3214.0,15.0,0.0,2467.0
1069,2022-12-26,12432.0,29.0,0.0,10939.0
1070,2022-12-27,110935.0,356.0,0.0,83686.0
1071,2022-12-28,113344.0,990.0,0.0,112920.0
1072,2022-12-29,104103.0,924.0,0.0,122755.0
1073,2022-12-30,38397.0,216.0,0.0,36666.0
1074,2022-12-31,7953.0,26.0,0.0,6276.0
1075,2023-01-01,4295.0,15.0,0.0,2898.0
1076,2023-01-02,8310.0,22.0,0.0,6617.0
1077,2023-01-03,88806.0,407.0,0.0,84500.0
1078,2023-01-04,198116.0,1285.0,0.0,197725.0
1079,2023-01-05,131229.0,842.0,0.0,127492.0
1080,2023-01-06,65188.0,454.0,0.0,62302.0
1081,2023-01-07,5855.0,26.0,0.0,4630.0
1082,2023-01-08,5710.0,17.0,0.0,30267.0
1083,2023-01-09,43011.0,300.0,0.0,40778.0
1084,2023-01-10,83285.0,892.0,0.0,58831.0
1085,2023-01-11,139618.0,1830.0,0.0,140337.0
1086,2023-01-12,64980.0,720.0,0.0,90773.0
1087,2023-01-13,33315.0,380.0,0.0,37397.0
1088,2023-01-14,5285.0,52.0,0.0,4644.0
1089,2023-01-15,3318.0,17.0,0.0,2718.0
1090,2023-01-16,7517.0,45.0,0.0,5720.0
1091,2023-01-17,81255.0,744.0,0.0,66940.0
1092,2023-01-18,128630.0,1581.0,0.0,134426.0
1093,2023-01-19,91188.0,1319.0,0.0,99541.0
1094,2023-01-20,37519.0,442.0,0.0,38925.0
1095,2023-01-21,5128.0,24.0,0.0,4454.0
1096,2023-01-22,3288.0,13.0,0.0,2715.0
1097,2023-01-23,31053.0,314.0,0.0,28677.0
1098,2023-01-24,55734.0,803.0,0.0,42550.0
1099,2023-01-25,102308.0,1368.0,0.0,102415.0
1100,2023-01-26,64116.0,883.0,0.0,76284.0
1101,2023-01-27,16921.0,102.0,0.0,17856.0
1102,2023-01-28,4595.0,15.0,0.0,3838.0
1103,2023-01-29,3492.0,14.0,0.0,2607.0
1104,2023-01-30,29131.0,228.0,0.0,26867.0
1105,2023-01-31,55341.0,770.0,0.0,34413.0
1106,2023-02-01,116509.0,1308.0,0.0,104561.0
1107,2023-02-02,81675.0,1163.0,0.0,89351.0
1108,2023-02-03,38730.0,520.0,0.0,44096.0
1109,2023-02-04,4158.0,17.0,0.0,3504.0
1110,2023-02-05,2926.0,2.0,0.0,1994.0
1111,2023-02-06,24311.0,192.0,0.0,22396.0
1112,2023-02-07,45515.0,472.0,0.0,30524.0
1113,2023-02-08,83517.0,1067.0,0.0,103507.0
1114,2023-02-09,81850.0,956.0,0.0,79005.0
1115,2023-02-10,13040.0,107.0,0.0,12381.0
1116,2023-02-11,4409.0,37.0,0.0,3655.0
1117,2023-02-12,3369.0,8.0,0.0,2463.0
1118,2023-02-13,23126.0,172.0,0.0,21193.0
1119,2023-02-14,48219.0,451.0,0.0,33495.0
1120,2023-02-15,89007.0,581.0,0.0,90232.0
1121,2023-02-16,60679.0,1110.0,0.0,75491.0
1122,2023-02-17,47988.0,721.0,0.0,48681.0
1123,2023-02-18,2707.0,17.0,0.0,2061.0
1124,2023-02-19,1472.0,1.0,0.0,762.0
1125,2023-02-20,2042.0,73.0,0.0,536.0
1126,2023-02-21,60550.0,362.0,0.0,66311.0
1127,2023-02-22,110163.0,861.0,0.0,107880.0
1128,2023-02-23,56679.0,635.0,0.0,55038.0
1129,2023-02-24,12897.0,52.0,0.0,14762.0
1130,2023-02-25,2749.0,14.0,0.0,2345.0
1131,2023-02-26,1606.0,1.0,0.0,1351.0
1132,2023-02-27,17064.0,0.0,0.0,15635.0
1133,2023-02-28,43628.0,335.0,0.0,30537.0
1134,2023-03-01,90417.0,980.0,0.0,100627.0
1135,2023-03-02,55885.0,761.0,0.0,60404.0
1136,2023-03-03,58933.0,507.0,0.0,59613.0
1137,2023-03-04,2147.0,7.0,0.0,1925.0
1138,2023-03-05,0.0,0.0,0.0,1266.0
1139,2023-03-06,8564.0,47.0,0.0,8617.0
1140,2023-03-07,35371.0,335.0,0.0,24250.0
1141,2023-03-08,64861.0,730.0,0.0,64214.0
1142,2023-03-09,46931.0,590.0,0.0,57009.0
